apply_link,company,date_posted,job_name,location
https://realpython.github.io/fake-jobs/jobs/senior-python-developer-0.html,"Payne, Roberts and Davis",2021-04-08,Senior Python Developer,"Stewartbury, AA"
https://realpython.github.io/fake-jobs/jobs/energy-engineer-1.html,Vasquez-Davidson,2021-04-08,Energy engineer,"Christopherville, AA"
https://realpython.github.io/fake-jobs/jobs/legal-executive-2.html,"Jackson, Chambers and Levy",2021-04-08,Legal executive,"Port Ericaburgh, AA"
https://realpython.github.io/fake-jobs/jobs/fitness-centre-manager-3.html,Savage-Bradley,2021-04-08,Fitness centre manager,"East Seanview, AP"
https://realpython.github.io/fake-jobs/jobs/product-manager-4.html,Ramirez Inc,2021-04-08,Product manager,"North Jamieview, AP"
https://realpython.github.io/fake-jobs/jobs/medical-technical-officer-5.html,Rogers-Yates,2021-04-08,Medical technical officer,"Davidville, AP"
https://realpython.github.io/fake-jobs/jobs/physiological-scientist-6.html,Kramer-Klein,2021-04-08,Physiological scientist,"South Christopher, AE"
https://realpython.github.io/fake-jobs/jobs/textile-designer-7.html,Meyers-Johnson,2021-04-08,Textile designer,"Port Jonathan, AE"
https://realpython.github.io/fake-jobs/jobs/television-floor-manager-8.html,Hughes-Williams,2021-04-08,Television floor manager,"Osbornetown, AE"
https://realpython.github.io/fake-jobs/jobs/waste-management-officer-9.html,"Jones, Williams and Villa",2021-04-08,Waste management officer,"Scotttown, AP"
https://realpython.github.io/fake-jobs/jobs/software-engineer-python-10.html,Garcia PLC,2021-04-08,Software Engineer (Python),"Ericberg, AE"
https://realpython.github.io/fake-jobs/jobs/interpreter-11.html,Gregory and Sons,2021-04-08,Interpreter,"Ramireztown, AE"
https://realpython.github.io/fake-jobs/jobs/architect-12.html,"Clark, Garcia and Sosa",2021-04-08,Architect,"Figueroaview, AA"
https://realpython.github.io/fake-jobs/jobs/meteorologist-13.html,Bush PLC,2021-04-08,Meteorologist,"Kelseystad, AA"
https://realpython.github.io/fake-jobs/jobs/audiological-scientist-14.html,Salazar-Meyers,2021-04-08,Audiological scientist,"Williamsburgh, AE"
https://realpython.github.io/fake-jobs/jobs/english-as-a-second-language-teacher-15.html,"Parker, Murphy and Brooks",2021-04-08,English as a second language teacher,"Mitchellburgh, AE"
https://realpython.github.io/fake-jobs/jobs/surgeon-16.html,Cruz-Brown,2021-04-08,Surgeon,"West Jessicabury, AA"
https://realpython.github.io/fake-jobs/jobs/equities-trader-17.html,Macdonald-Ferguson,2021-04-08,Equities trader,"Maloneshire, AE"
https://realpython.github.io/fake-jobs/jobs/newspaper-journalist-18.html,"Williams, Peterson and Rojas",2021-04-08,Newspaper journalist,"Johnsonton, AA"
https://realpython.github.io/fake-jobs/jobs/materials-engineer-19.html,Smith and Sons,2021-04-08,Materials engineer,"South Davidtown, AP"
https://realpython.github.io/fake-jobs/jobs/python-programmer-entry-level-20.html,"Moss, Duncan and Allen",2021-04-08,Python Programmer (Entry-Level),"Port Sara, AE"
https://realpython.github.io/fake-jobs/jobs/product-process-development-scientist-21.html,Gomez-Carroll,2021-04-08,Product/process development scientist,"Marktown, AA"
https://realpython.github.io/fake-jobs/jobs/scientist-research-maths-22.html,"Manning, Welch and Herring",2021-04-08,"Scientist, research (maths)","Laurenland, AE"
https://realpython.github.io/fake-jobs/jobs/ecologist-23.html,"Lee, Gutierrez and Brown",2021-04-08,Ecologist,"Lauraton, AP"
https://realpython.github.io/fake-jobs/jobs/materials-engineer-24.html,"Davis, Serrano and Cook",2021-04-08,Materials engineer,"South Tammyberg, AP"
https://realpython.github.io/fake-jobs/jobs/historic-buildings-inspector-conservation-officer-25.html,Smith LLC,2021-04-08,Historic buildings inspector/conservation officer,"North Brandonville, AP"
https://realpython.github.io/fake-jobs/jobs/data-scientist-26.html,Thomas Group,2021-04-08,Data scientist,"Port Robertfurt, AA"
https://realpython.github.io/fake-jobs/jobs/psychiatrist-27.html,Silva-King,2021-04-08,Psychiatrist,"Burnettbury, AE"
https://realpython.github.io/fake-jobs/jobs/structural-engineer-28.html,Pierce-Long,2021-04-08,Structural engineer,"Herbertside, AA"
https://realpython.github.io/fake-jobs/jobs/immigration-officer-29.html,Walker-Simpson,2021-04-08,Immigration officer,"Christopherport, AP"
https://realpython.github.io/fake-jobs/jobs/python-programmer-entry-level-30.html,Cooper and Sons,2021-04-08,Python Programmer (Entry-Level),"West Victor, AE"
https://realpython.github.io/fake-jobs/jobs/neurosurgeon-31.html,"Donovan, Gonzalez and Figueroa",2021-04-08,Neurosurgeon,"Port Aaron, AP"
https://realpython.github.io/fake-jobs/jobs/broadcast-engineer-32.html,"Morgan, Butler and Bennett",2021-04-08,Broadcast engineer,"Loribury, AA"
https://realpython.github.io/fake-jobs/jobs/make-33.html,Snyder-Lee,2021-04-08,Make,"Angelastad, AP"
https://realpython.github.io/fake-jobs/jobs/nurse-adult-34.html,Harris PLC,2021-04-08,"Nurse, adult","Larrytown, AE"
https://realpython.github.io/fake-jobs/jobs/air-broker-35.html,Washington PLC,2021-04-08,Air broker,"West Colin, AP"
https://realpython.github.io/fake-jobs/jobs/editor-film-video-36.html,"Brown, Price and Campbell",2021-04-08,"Editor, film/video","West Stephanie, AP"
https://realpython.github.io/fake-jobs/jobs/production-assistant-radio-37.html,Mcgee PLC,2021-04-08,"Production assistant, radio","Laurentown, AP"
https://realpython.github.io/fake-jobs/jobs/engineer-communications-38.html,Dixon Inc,2021-04-08,"Engineer, communications","Wrightberg, AP"
https://realpython.github.io/fake-jobs/jobs/sales-executive-39.html,"Thompson, Sheppard and Ward",2021-04-08,Sales executive,"Alberttown, AE"
https://realpython.github.io/fake-jobs/jobs/software-developer-python-40.html,Adams-Brewer,2021-04-08,Software Developer (Python),"Brockburgh, AE"
https://realpython.github.io/fake-jobs/jobs/futures-trader-41.html,Schneider-Brady,2021-04-08,Futures trader,"North Jason, AE"
https://realpython.github.io/fake-jobs/jobs/tour-manager-42.html,Gonzales-Frank,2021-04-08,Tour manager,"Arnoldhaven, AE"
https://realpython.github.io/fake-jobs/jobs/cytogeneticist-43.html,Smith-Wong,2021-04-08,Cytogeneticist,"Lake Destiny, AP"
https://realpython.github.io/fake-jobs/jobs/designer-multimedia-44.html,Pierce-Herrera,2021-04-08,"Designer, multimedia","South Timothyburgh, AP"
https://realpython.github.io/fake-jobs/jobs/trade-union-research-officer-45.html,"Aguilar, Rivera and Quinn",2021-04-08,Trade union research officer,"New Jimmyton, AE"
https://realpython.github.io/fake-jobs/jobs/chemist-analytical-46.html,"Lowe, Barnes and Thomas",2021-04-08,"Chemist, analytical","New Lucasbury, AP"
https://realpython.github.io/fake-jobs/jobs/programmer-multimedia-47.html,"Lewis, Gonzalez and Vasquez",2021-04-08,"Programmer, multimedia","Port Cory, AE"
https://realpython.github.io/fake-jobs/jobs/engineer-broadcasting-operations-48.html,Taylor PLC,2021-04-08,"Engineer, broadcasting (operations)","Gileston, AA"
https://realpython.github.io/fake-jobs/jobs/teacher-primary-school-49.html,"Oliver, Jones and Ramirez",2021-04-08,"Teacher, primary school","Cindyshire, AA"
https://realpython.github.io/fake-jobs/jobs/python-developer-50.html,Rivera and Sons,2021-04-08,Python Developer,"East Michaelfort, AA"
https://realpython.github.io/fake-jobs/jobs/manufacturing-systems-engineer-51.html,Garcia PLC,2021-04-08,Manufacturing systems engineer,"Joybury, AE"
https://realpython.github.io/fake-jobs/jobs/producer-television-film-video-52.html,"Johnson, Wells and Kramer",2021-04-08,"Producer, television/film/video","Emmatown, AE"
https://realpython.github.io/fake-jobs/jobs/scientist-forensic-53.html,Gonzalez LLC,2021-04-08,"Scientist, forensic","Colehaven, AP"
https://realpython.github.io/fake-jobs/jobs/bonds-trader-54.html,"Morgan, White and Macdonald",2021-04-08,Bonds trader,"Port Coryton, AE"
https://realpython.github.io/fake-jobs/jobs/editorial-assistant-55.html,Robinson-Fitzpatrick,2021-04-08,Editorial assistant,"Amyborough, AA"
https://realpython.github.io/fake-jobs/jobs/photographer-56.html,"Waters, Wilson and Hoover",2021-04-08,Photographer,"Reynoldsville, AA"
https://realpython.github.io/fake-jobs/jobs/retail-banker-57.html,Hill LLC,2021-04-08,Retail banker,"Port Billy, AP"
https://realpython.github.io/fake-jobs/jobs/jewellery-designer-58.html,Li-Gregory,2021-04-08,Jewellery designer,"Adamburgh, AA"
https://realpython.github.io/fake-jobs/jobs/ophthalmologist-59.html,"Fisher, Ryan and Coleman",2021-04-08,Ophthalmologist,"Wilsonmouth, AA"
https://realpython.github.io/fake-jobs/jobs/back-end-web-developer-python-django-60.html,Stewart-Alexander,2021-04-08,"Back-End Web Developer (Python, Django)","South Kimberly, AA"
https://realpython.github.io/fake-jobs/jobs/licensed-conveyancer-61.html,Abbott and Sons,2021-04-08,Licensed conveyancer,"Benjaminland, AP"
https://realpython.github.io/fake-jobs/jobs/futures-trader-62.html,"Bryant, Santana and Davenport",2021-04-08,Futures trader,"Zacharyport, AA"
https://realpython.github.io/fake-jobs/jobs/counselling-psychologist-63.html,Smith PLC,2021-04-08,Counselling psychologist,"Port Devonville, AE"
https://realpython.github.io/fake-jobs/jobs/insurance-underwriter-64.html,Patterson-Singh,2021-04-08,Insurance underwriter,"East Thomas, AE"
https://realpython.github.io/fake-jobs/jobs/engineer-automotive-65.html,Martinez-Berry,2021-04-08,"Engineer, automotive","New Jeffrey, AP"
https://realpython.github.io/fake-jobs/jobs/producer-radio-66.html,"May, Taylor and Fisher",2021-04-08,"Producer, radio","Davidside, AA"
https://realpython.github.io/fake-jobs/jobs/dispensing-optician-67.html,"Bailey, Owen and Thompson",2021-04-08,Dispensing optician,"Jamesville, AA"
https://realpython.github.io/fake-jobs/jobs/designer-fashion-clothing-68.html,Vasquez Ltd,2021-04-08,"Designer, fashion/clothing","New Kelly, AP"
https://realpython.github.io/fake-jobs/jobs/chartered-loss-adjuster-69.html,Leblanc LLC,2021-04-08,Chartered loss adjuster,"Lake Antonio, AA"
https://realpython.github.io/fake-jobs/jobs/back-end-web-developer-python-django-70.html,"Jackson, Ali and Mckee",2021-04-08,"Back-End Web Developer (Python, Django)","New Elizabethside, AA"
https://realpython.github.io/fake-jobs/jobs/forest-woodland-manager-71.html,"Blankenship, Knight and Powell",2021-04-08,Forest/woodland manager,"Millsbury, AE"
https://realpython.github.io/fake-jobs/jobs/clinical-cytogeneticist-72.html,"Patton, Haynes and Jones",2021-04-08,Clinical cytogeneticist,"Lloydton, AP"
https://realpython.github.io/fake-jobs/jobs/print-production-planner-73.html,Wood Inc,2021-04-08,Print production planner,"Port Jeremy, AA"
https://realpython.github.io/fake-jobs/jobs/systems-developer-74.html,Collins Group,2021-04-08,Systems developer,"New Elizabethtown, AA"
https://realpython.github.io/fake-jobs/jobs/graphic-designer-75.html,Flores-Nelson,2021-04-08,Graphic designer,"Charlesstad, AE"
https://realpython.github.io/fake-jobs/jobs/writer-76.html,"Mitchell, Jones and Olson",2021-04-08,Writer,"Josephbury, AE"
https://realpython.github.io/fake-jobs/jobs/field-seismologist-77.html,Howard Group,2021-04-08,Field seismologist,"Seanfurt, AA"
https://realpython.github.io/fake-jobs/jobs/chief-strategy-officer-78.html,Kramer-Edwards,2021-04-08,Chief Strategy Officer,"Williambury, AA"
https://realpython.github.io/fake-jobs/jobs/air-cabin-crew-79.html,Berry-Houston,2021-04-08,Air cabin crew,"South Jorgeside, AP"
https://realpython.github.io/fake-jobs/jobs/python-programmer-entry-level-80.html,Mathews Inc,2021-04-08,Python Programmer (Entry-Level),"Robertborough, AP"
https://realpython.github.io/fake-jobs/jobs/warden-ranger-81.html,Riley-Johnson,2021-04-08,Warden/ranger,"South Saratown, AP"
https://realpython.github.io/fake-jobs/jobs/sports-therapist-82.html,Spencer and Sons,2021-04-08,Sports therapist,"Hullview, AA"
https://realpython.github.io/fake-jobs/jobs/arts-development-officer-83.html,Camacho-Sanchez,2021-04-08,Arts development officer,"Philipland, AP"
https://realpython.github.io/fake-jobs/jobs/printmaker-84.html,Oliver and Sons,2021-04-08,Printmaker,"North Patty, AE"
https://realpython.github.io/fake-jobs/jobs/health-and-safety-adviser-85.html,Eaton PLC,2021-04-08,Health and safety adviser,"North Stephen, AE"
https://realpython.github.io/fake-jobs/jobs/manufacturing-systems-engineer-86.html,Stanley-Frederick,2021-04-08,Manufacturing systems engineer,"Stevensland, AP"
https://realpython.github.io/fake-jobs/jobs/programmer-applications-87.html,Bradley LLC,2021-04-08,"Programmer, applications","Reyesstad, AE"
https://realpython.github.io/fake-jobs/jobs/medical-physicist-88.html,"Parker, Goodwin and Zavala",2021-04-08,Medical physicist,"Bellberg, AP"
https://realpython.github.io/fake-jobs/jobs/media-planner-89.html,Kim-Miles,2021-04-08,Media planner,"North Johnland, AE"
https://realpython.github.io/fake-jobs/jobs/software-developer-python-90.html,Moreno-Rodriguez,2021-04-08,Software Developer (Python),"Martinezburgh, AE"
https://realpython.github.io/fake-jobs/jobs/surveyor-land-geomatics-91.html,Brown-Ortiz,2021-04-08,"Surveyor, land/geomatics","Joshuatown, AE"
https://realpython.github.io/fake-jobs/jobs/legal-executive-92.html,Hartman PLC,2021-04-08,Legal executive,"West Ericstad, AA"
https://realpython.github.io/fake-jobs/jobs/librarian-academic-93.html,Brooks Inc,2021-04-08,"Librarian, academic","Tuckertown, AE"
https://realpython.github.io/fake-jobs/jobs/barrister-94.html,Washington-Castillo,2021-04-08,Barrister,"Perezton, AE"
https://realpython.github.io/fake-jobs/jobs/museum-gallery-exhibitions-officer-95.html,"Nguyen, Yoder and Petty",2021-04-08,Museum/gallery exhibitions officer,"Lake Abigail, AE"
https://realpython.github.io/fake-jobs/jobs/radiographer-diagnostic-96.html,Holder LLC,2021-04-08,"Radiographer, diagnostic","Jacobshire, AP"
https://realpython.github.io/fake-jobs/jobs/database-administrator-97.html,Yates-Ferguson,2021-04-08,Database administrator,"Port Susan, AE"
https://realpython.github.io/fake-jobs/jobs/furniture-designer-98.html,Ortega-Lawrence,2021-04-08,Furniture designer,"North Tiffany, AA"
https://realpython.github.io/fake-jobs/jobs/ship-broker-99.html,"Fuentes, Walls and Castro",2021-04-08,Ship broker,"Michelleville, AP"
